{
  "swagger" : "2.0",
  "info" : {
    "title" : "CustProdREST",
    "version" : "1.0.0",
    "description" : "CustProdREST"
  },
  "paths" : {
    "/validarPersona" : {
      "post" : {
        "operationId" : "postValidarPersona",
        "responses" : {
          "200" : {
            "description" : "The operation was successful."
          }
        },
        "consumes" : [ "application/json" ],
        "produces" : [ "application/json" ],
        "description" : "Insert a validarPersona",
        "parameters" : [ {
          "name" : "body",
          "in" : "body",
          "schema" : {
            "type" : "string"
          },
          "description" : "The request body for the operation",
          "required" : true
        }, {
          "name" : "serviceId",
          "in" : "header",
          "type" : "string",
          "required" : true
        }, {
          "name" : "consumerId",
          "in" : "header",
          "type" : "string",
          "required" : true
        }, {
          "name" : "channelId",
          "in" : "header",
          "type" : "string",
          "required" : true
        }, {
          "name" : "timeStamp",
          "in" : "header",
          "type" : "string",
          "required" : true
        }, {
          "name" : "messageId",
          "in" : "header",
          "type" : "string",
          "required" : true
        }, {
          "name" : "countryCode",
          "in" : "header",
          "type" : "string",
          "required" : true
        }, {
          "name" : "traceId",
          "in" : "header",
          "type" : "string",
          "required" : true
        }, {
          "name" : "parentId",
          "in" : "header",
          "type" : "string",
          "required" : true
        }, {
          "name" : "funcionalidadId",
          "in" : "header",
          "type" : "string",
          "required" : true
        }, {
          "name" : "netId",
          "in" : "header",
          "type" : "number",
          "required" : true
        }, {
          "name" : "userId",
          "in" : "header",
          "type" : "string",
          "required" : true
        }, {
          "name" : "branchId",
          "in" : "header",
          "type" : "string",
          "required" : true
        }, {
          "name" : "ipOrigen",
          "in" : "header",
          "type" : "string",
          "required" : true
        }, {
          "name" : "cardIdType",
          "in" : "header",
          "type" : "string",
          "required" : true
        }, {
          "name" : "deviceId",
          "in" : "header",
          "type" : "string",
          "required" : true
        } ]
      }
    }
  },
  "basePath" : "/custprodrest/v1"
}