{
  "swagger" : "2.0",
  "info" : {
    "title" : "DFDL_BerryRest",
    "version" : "1.0.0",
    "description" : "DFDL_BerryRest"
  },
  "paths" : {
    "/berryCod/{id}" : {
      "get" : {
        "operationId" : "getId",
        "responses" : {
          "200" : {
            "description" : "The operation was successful.",
            "schema" : {
              "type" : "string"
            }
          }
        },
        "produces" : [ "application/json" ],
        "description" : "Retrieve id",
        "parameters" : [ {
          "required" : true,
          "name" : "id",
          "in" : "path",
          "type" : "string"
        } ]
      }
    }
  },
  "basePath" : "/dfdl_berryrest/v1"
}