{
  "swagger" : "2.0",
  "info" : {
    "title" : "CustProdsAndServsProREST",
    "version" : "1.0.0",
    "description" : "CustProdsAndServsProREST"
  },
  "paths" : {
    "/validarPersona" : {
      "post" : {
        "operationId" : "postValidarPersona",
        "responses" : {
          "200" : {
            "description" : "The operation was successful.",
            "schema" : {
              "type" : "string"
            }
          }
        },
        "consumes" : [ "application/json" ],
        "produces" : [ "application/json" ],
        "description" : "Insert a validarPersona",
        "parameters" : [ {
          "name" : "body",
          "in" : "body",
          "schema" : {
            "type" : "string"
          },
          "description" : "",
          "required" : true
        } ]
      }
    }
  },
  "basePath" : "/custprodsandservsprorest/v1",
  "definitions" : { }
}