{
  "swagger" : "2.0",
  "info" : {
    "title" : "BitcoinQUEST",
    "version" : "1.0.0",
    "description" : "BitcoinQUEST"
  },
  "paths" : {
    "/moneda/{start}/{end}" : {
      "get" : {
        "operationId" : "getEnd",
        "responses" : {
          "200" : {
            "description" : "The operation was successful.",
            "schema" : {
              "type" : "string"
            }
          }
        },
        "produces" : [ "application/json" ],
        "description" : "Retrieve end",
        "parameters" : [ {
          "required" : true,
          "name" : "start",
          "in" : "path",
          "type" : "string"
        }, {
          "required" : true,
          "name" : "end",
          "in" : "path",
          "type" : "string"
        } ]
      }
    }
  },
  "basePath" : "/bitcoinquest/v1"
}